<?xml version="1.0" encoding="UTF-8"?>
<project-private xmlns="http://www.netbeans.org/ns/project-private/1">
    <editor-bookmarks xmlns="http://www.netbeans.org/ns/editor-bookmarks/2" lastBookmarkId="0"/>
    <open-files xmlns="http://www.netbeans.org/ns/projectui-open-files/2">
        <group>
            <file>file:/Users/chelseaatkins/NetBeansProjects/AmbassadorTrackingService/src/ambassadortrackingservice/IntakeApplication.fxml</file>
            <file>file:/Users/chelseaatkins/NetBeansProjects/AmbassadorTrackingService/src/ambassadortrackingservice/IntakeApplicationController.java</file>
            <file>file:/Users/chelseaatkins/NetBeansProjects/AmbassadorTrackingService/src/ambassadortrackingservice/LogoutPopUp.fxml</file>
            <file>file:/Users/chelseaatkins/NetBeansProjects/AmbassadorTrackingService/src/ambassadortrackingservice/LoginScreenController.java</file>
            <file>file:/Users/chelseaatkins/NetBeansProjects/AmbassadorTrackingService/src/ambassadortrackingservice/EventsScreenController.java</file>
            <file>file:/Users/chelseaatkins/NetBeansProjects/AmbassadorTrackingService/src/ambassadortrackingservice/AdminFunctionsController.java</file>
            <file>file:/Users/chelseaatkins/NetBeansProjects/AmbassadorTrackingService/src/ambassadortrackingservice/CreateEventController.java</file>
            <file>file:/Users/chelseaatkins/NetBeansProjects/AmbassadorTrackingService/src/ambassadortrackingservice/AmbassadorTrackingService.java</file>
            <file>file:/Users/chelseaatkins/NetBeansProjects/AmbassadorTrackingService/src/ambassadortrackingservice/CoordinatorHomepageController.java</file>
            <file>file:/Users/chelseaatkins/NetBeansProjects/AmbassadorTrackingService/src/ambassadortrackingservice/LogoutPopUpController.java</file>
        </group>
    </open-files>
</project-private>
