<?xml version="1.0" encoding="UTF-8"?>
<project-private xmlns="http://www.netbeans.org/ns/project-private/1">
    <editor-bookmarks xmlns="http://www.netbeans.org/ns/editor-bookmarks/2" lastBookmarkId="0"/>
    <open-files xmlns="http://www.netbeans.org/ns/projectui-open-files/2">
        <group>
            <file>file:/Users/chelseaatkins/NetBeansProjects/ATS/src/ats/LogoutPopUp.fxml</file>
            <file>file:/Users/chelseaatkins/NetBeansProjects/ATS/src/ats/AdminFunctionsController.java</file>
            <file>file:/Users/chelseaatkins/NetBeansProjects/ATS/src/ats/LoginScreenController.java</file>
            <file>file:/Users/chelseaatkins/NetBeansProjects/ATS/src/ats/EventsScreen.fxml</file>
            <file>file:/Users/chelseaatkins/NetBeansProjects/ATS/src/ats/CoordinatorHomepage.fxml</file>
            <file>file:/Users/chelseaatkins/NetBeansProjects/ATS/src/ats/LogoutPopUpController.java</file>
            <file>file:/Users/chelseaatkins/NetBeansProjects/ATS/src/ats/CoordinatorHomepageController.java</file>
            <file>file:/Users/chelseaatkins/NetBeansProjects/ATS/src/ats/CSS.css</file>
            <file>file:/Users/chelseaatkins/NetBeansProjects/ATS/src/ats/DBManager.java</file>
            <file>file:/Users/chelseaatkins/NetBeansProjects/ATS/src/ats/EventsScreenController.java</file>
            <file>file:/Users/chelseaatkins/NetBeansProjects/ATS/src/ats/CreateEventController.java</file>
            <file>file:/Users/chelseaatkins/NetBeansProjects/ATS/src/ats/AdminFunctions.fxml</file>
            <file>file:/Users/chelseaatkins/NetBeansProjects/ATS/src/ats/CreateEvent.fxml</file>
            <file>file:/Users/chelseaatkins/NetBeansProjects/ATS/src/ats/LoginScreen.fxml</file>
            <file>file:/Users/chelseaatkins/NetBeansProjects/ATS/src/ats/ATS.java</file>
        </group>
    </open-files>
</project-private>
